group_scope,group_name,reviewed_rows,review_threads,verified_rows,rejected_rows,acceptance_rate_pct,training_eligible_verified_rows,a_or_higher_rows,s_or_a_plus_plus_rows,training_eligible_a_or_higher_rows,training_eligible_s_or_a_plus_plus_rows,linked_consequence_excluded,false_positive_controls
event_family,bankruptcy_or_distress,120,120,38,82,31.7,38,37,37,37,37,0,62
event_family,equity_dilution,120,120,104,16,86.7,93,54,2,44,1,11,2
event_family,delisting_or_suspension,119,119,57,62,47.9,55,16,3,14,1,2,33
event_family,fundamental_shock,116,115,48,68,41.4,48,24,7,24,7,0,44
event_family,unknown,71,71,71,0,100.0,71,49,26,49,26,0,0
event_family,price_crash,68,65,28,40,41.2,19,19,6,10,4,9,32
detected_event_type,bankruptcy_liquidation,120,120,38,82,31.7,38,37,37,37,37,0,62
detected_event_type,reverse_split,120,120,104,16,86.7,93,54,2,44,1,11,2
detected_event_type,delisted,60,60,11,49,18.3,9,10,3,8,1,2,28
detected_event_type,voluntarydelisting,59,59,46,13,78.0,46,6,0,6,0,0,5
detected_event_type,volume_crash,32,32,16,16,50.0,12,10,2,6,2,4,13
detected_event_type,cash_short_debt_stress,23,23,2,21,8.7,2,2,2,2,2,0,14
detected_event_type,gross_margin_collapse,23,23,14,9,60.9,14,11,2,11,2,0,6
detected_event_type,negative_equity,23,23,19,4,82.6,19,5,3,5,3,0,4
detected_event_type,one_day_crash,23,23,9,14,39.1,5,8,3,4,2,4,11
detected_event_type,revenue_collapse_yoy,22,22,8,14,36.4,8,2,0,2,0,0,8
detected_event_type,interest_coverage_below_1,21,21,5,16,23.8,5,4,0,4,0,0,12
detected_event_type,five_day_crash,7,7,2,5,28.6,1,1,1,0,0,1,4
detected_event_type,twenty_one_day_crash,6,5,1,5,16.7,1,0,0,0,0,0,4
detected_event_type,free_cash_flow_turn_negative,4,4,0,4,0.0,0,0,0,0,0,0,0
detected_event_type,one_for_100_listing_compliance_reverse_split,4,4,4,0,100.0,4,0,0,0,0,0,0
detected_event_type,one_for_100_listing_compliance_share_consolidation,2,2,2,0,100.0,2,0,0,0,0,0,0
detected_event_type,voluntary_NYSE_ADS_exit_with_Hong_Kong_and_Shanghai_listings,2,2,2,0,100.0,2,0,0,0,0,0,0
detected_event_type,voluntary_chapter_11_petition,2,2,2,0,100.0,2,2,2,2,2,0,0
detected_event_type,Australian_voluntary_administration_after_failed_minimum_capital_raise,1,1,1,0,100.0,1,1,1,1,1,0,0
detected_event_type,NYSE_low_price_delisting_determination,1,1,1,0,100.0,1,1,0,1,0,0,0
detected_event_type,Nasdaq_delisting_determination_due_to_interim_judicial_management,1,1,1,0,100.0,1,1,0,1,0,0,0
detected_event_type,Nasdaq_discretionary_delisting_determination_linked_to_dilutive_offering,1,1,1,0,100.0,1,1,0,1,0,0,0
detected_event_type,Nasdaq_discretionary_delisting_determination_under_Rule_5101,1,1,1,0,100.0,1,1,0,1,0,0,0
detected_event_type,Nasdaq_low_price_staff_delisting_determination,1,1,1,0,100.0,1,1,0,1,0,0,0
detected_event_type,Nasdaq_minimum_bid_price_trading_suspension_pending_appeal,1,1,1,0,100.0,1,1,0,1,0,0,0
detected_event_type,Nasdaq_panel_delisting_for_equity_meeting_and_filing_noncompliance,1,1,1,0,100.0,1,1,0,1,0,0,0
detected_event_type,Nasdaq_panel_delisting_for_periodic_filing_deadline_failure_with_Expert_Market_transition,1,1,1,0,100.0,1,1,0,1,0,0,0
detected_event_type,Nasdaq_sub_0_10_bid_price_trading_suspension,1,1,1,0,100.0,1,1,0,1,0,0,0
detected_event_type,SEC_Section_12j_proceeding_for_chronic_reporting_delinquency,1,1,1,0,100.0,1,1,0,1,0,0,0
detected_event_type,Singapore_interim_judicial_management_order_and_transfer_of_control,1,1,1,0,100.0,1,1,1,1,1,0,0
detected_event_type,Singapore_judicial_management_application_for_working_capital_insufficiency,1,1,1,0,100.0,1,1,1,1,1,0,0
detected_event_type,asset_sale_followed_by_Delaware_dissolution_with_distribution_rights,1,1,1,0,100.0,1,0,0,0,0,0,0
detected_event_type,chapter_11_asset_sale_with_expected_significant_or_complete_common_loss,1,1,1,0,100.0,1,1,1,1,1,0,0
detected_event_type,common_and_prefunded_public_offering,1,1,1,0,100.0,1,1,0,1,0,0,0
detected_event_type,common_prefunded_and_private_warrant_financing,1,1,1,0,100.0,1,1,0,1,0,0,0
detected_event_type,confirmed_plan_effective_old_common_cancelled_zero_recovery,1,1,1,0,100.0,1,1,1,1,1,0,0
detected_event_type,confirmed_plan_old_common_cancelled_without_consideration,1,1,1,0,100.0,1,1,1,1,1,0,0
detected_event_type,core_phase_2b_failure_and_phase_3_shutdown,1,1,1,0,100.0,1,1,1,1,1,0,0
detected_event_type,court_appointed_receiver_over_all_assets_under_Canadian_BIA,1,1,1,0,100.0,1,1,1,1,1,0,0
detected_event_type,court_proceeding_to_delay_actions_and_formulate_debt_settlement_under_insolvency_law,1,1,1,0,100.0,1,1,1,1,1,0,0
detected_event_type,extreme_common_prefunded_and_warrant_unit_offering,1,1,1,0,100.0,1,1,1,1,1,0,0
detected_event_type,extreme_common_prefunded_multi_warrant_unit_offering,1,1,1,0,100.0,1,1,1,1,1,0,0
detected_event_type,extreme_equity_rights_offering_and_debt_conversion_recapitalization,1,1,1,0,100.0,1,1,1,1,1,0,0
detected_event_type,extreme_primary_equity_and_warrant_recapitalization,1,1,1,0,100.0,1,1,1,1,1,0,0
detected_event_type,forced_Nasdaq_delisting_with_OTC_transition,1,1,1,0,100.0,1,1,0,1,0,0,0
detected_event_type,going_concern_near_zero_cash_working_capital_deficit_and_external_financing_dependency,1,1,1,0,100.0,1,1,1,1,1,0,0
detected_event_type,liquidation_plan_effective_equity_cancelled_no_distribution,1,1,1,0,100.0,1,1,1,1,1,0,0
detected_event_type,offering_increasing_class_A_share_count_from_11_25_million_to_32_million,1,1,1,0,100.0,1,1,0,1,0,0,0
detected_event_type,one_for_100_reverse_split_after_large_share_prefunded_warrant_and_warrant_offering,1,1,1,0,100.0,1,1,0,1,0,0,0
detected_event_type,one_for_100_reverse_split_after_warrant_exchange_and_note_warrant_financing,1,1,1,0,100.0,1,1,0,1,0,0,0
detected_event_type,one_for_100_reverse_split_for_Nasdaq_bid_price_compliance,1,1,1,0,100.0,1,0,0,0,0,0,0
detected_event_type,one_for_100_reverse_split_with_proportional_authorized_share_reduction,1,1,1,0,100.0,1,0,0,0,0,0,0
detected_event_type,one_for_100_reverse_split_with_unreduced_authorized_and_convertible_overhang,1,1,1,0,100.0,1,1,0,1,0,0,0
detected_event_type,one_for_100_share_consolidation_with_name_change_after_asset_disposal,1,1,1,0,100.0,1,0,0,0,0,0,0
detected_event_type,operating_subsidiaries_voluntary_chapter_11_petitions_with_DIP_financing_unresolved,1,1,1,0,100.0,1,1,1,1,1,0,0
detected_event_type,operational_wind_down_asset_sales_and_cash_return,1,1,1,0,100.0,1,0,0,0,0,0,0
detected_event_type,plan_effective_equity_interests_cancelled_with_no_recovery,1,1,1,0,100.0,1,1,1,1,1,0,0
detected_event_type,plan_effective_existing_common_cancelled_and_extinguished,1,1,1,0,100.0,1,1,1,1,1,0,0
detected_event_type,plan_effective_old_common_cancelled_with_no_recovery,1,1,1,0,100.0,1,1,1,1,1,0,0
detected_event_type,plan_effective_old_common_cancelled_without_distribution,1,1,1,0,100.0,1,1,1,1,1,0,0
detected_event_type,prepackaged_chapter_11_petition_with_existing_common_reorganization,1,1,1,0,100.0,1,1,1,1,1,0,0
detected_event_type,prepackaged_chapter_11_with_expected_old_common_cancellation_for_no_consideration,1,1,1,0,100.0,1,1,1,1,1,0,0
detected_event_type,principal_operating_subsidiaries_German_self_administration_insolvency,1,1,1,0,100.0,1,1,1,1,1,0,0
detected_event_type,realized_prefunded_warrant_financing_and_debt_conversion_chain,1,1,1,0,100.0,1,1,0,1,0,0,0
detected_event_type,registered_direct_offering_of_41_67_million_share_equivalents,1,1,1,0,100.0,1,1,0,1,0,0,0
detected_event_type,repeat_one_for_100_reverse_split_with_listing_failure_and_unadjusted_plan_overhang,1,1,1,0,100.0,1,1,0,1,0,0,0
detected_event_type,resettable_series_B_warrants_became_exercisable,1,1,1,0,100.0,1,1,0,1,0,0,0
detected_event_type,reverse_merger_with_75_percent_fully_diluted_control_shift_and_note_conversion,1,1,1,0,100.0,1,1,0,1,0,0,0
detected_event_type,strategic_25_percent_workforce_reduction_with_extended_cash_runway,1,1,1,0,100.0,1,0,0,0,0,0,0
detected_event_type,unit_offering_with_resettable_zero_price_warrants_covering_up_to_86_8_million_shares,1,1,1,0,100.0,1,1,0,1,0,0,0
detected_event_type,voluntary_NYSE_American_delisting_and_deregistration_after_equity_deficiency,1,1,1,0,100.0,1,0,0,0,0,0,0
detected_event_type,voluntary_Nasdaq_ADR_delisting_for_cost_reduction_with_no_exchange_listing,1,1,1,0,100.0,1,0,0,0,0,0,0
detected_event_type,voluntary_Nasdaq_ADS_exit_with_TASE_sole_listing,1,1,1,0,100.0,1,0,0,0,0,0,0
detected_event_type,voluntary_Nasdaq_exit_with_TSXV_transfer_after_bid_price_deficiency,1,1,1,0,100.0,1,0,0,0,0,0,0
detected_event_type,voluntary_US_ADR_delisting_with_Japan_listings_and_OTC_continuation,1,1,1,0,100.0,1,0,0,0,0,0,0
detected_event_type,voluntary_US_ADR_delisting_with_foreign_primary_listings_and_OTC_continuation,1,1,1,0,100.0,1,0,0,0,0,0,0
detected_event_type,voluntary_chapter_11_petition_and_asset_sale_process,1,1,1,0,100.0,1,1,1,1,1,0,0
detected_event_type,voluntary_going_dark_below_300_record_holders,1,1,1,0,100.0,1,0,0,0,0,0,0
detected_event_type,voluntary_going_dark_for_cost_savings_with_uncertain_OTC_liquidity,1,1,1,0,100.0,1,0,0,0,0,0,0
